INSERT INTO tbl_regions (region_id, type) VALUES (1, 4);
INSERT INTO tbl_regions (region_id, type) VALUES (2, 5);
INSERT INTO tbl_connections (from_loc, to_loc) VALUES (2, 1);
INSERT INTO tbl_regions (region_id, type) VALUES (3, 4);
INSERT INTO tbl_connections (from_loc, to_loc) VALUES (3, 2);
INSERT INTO tbl_regions (region_id, type) VALUES (4, 1);
INSERT INTO tbl_connections (from_loc, to_loc) VALUES (4, 3);
INSERT INTO tbl_regions (region_id, type) VALUES (5, 2);
INSERT INTO tbl_connections (from_loc, to_loc) VALUES (5, 4);
INSERT INTO tbl_regions (region_id, type) VALUES (6, 5);
INSERT INTO tbl_connections (from_loc, to_loc) VALUES (6, 5);
INSERT INTO tbl_regions (region_id, type) VALUES (7, 5);
INSERT INTO tbl_connections (from_loc, to_loc) VALUES (7, 6);
INSERT INTO tbl_regions (region_id, type) VALUES (8, 4);
INSERT INTO tbl_connections (from_loc, to_loc) VALUES (8, 7);
INSERT INTO tbl_regions (region_id, type) VALUES (9, 5);
INSERT INTO tbl_connections (from_loc, to_loc) VALUES (9, 8);
INSERT INTO tbl_regions (region_id, type) VALUES (10, 4);
INSERT INTO tbl_connections (from_loc, to_loc) VALUES (10, 9);
INSERT INTO tbl_employees (employee_id, tag_id, auth_level, role) VALUES (1, 1, 4, 6);
INSERT INTO tbl_employees (employee_id, tag_id, auth_level, role) VALUES (2, 2, 3, 2);
INSERT INTO tbl_employees (employee_id, tag_id, auth_level, role) VALUES (3, 3, 5, 1);
INSERT INTO tbl_employees (employee_id, tag_id, auth_level, role) VALUES (4, 4, 2, 2);
INSERT INTO tbl_employees (employee_id, tag_id, auth_level, role) VALUES (5, 5, 5, 6);
INSERT INTO tbl_employees (employee_id, tag_id, auth_level, role) VALUES (6, 6, 5, 2);
INSERT INTO tbl_employees (employee_id, tag_id, auth_level, role) VALUES (7, 7, 3, 4);
INSERT INTO tbl_employees (employee_id, tag_id, auth_level, role) VALUES (8, 8, 3, 5);
INSERT INTO tbl_employees (employee_id, tag_id, auth_level, role) VALUES (9, 9, 1, 3);
INSERT INTO tbl_employees (employee_id, tag_id, auth_level, role) VALUES (10, 10, 5, 1);
INSERT INTO tbl_assets (asset_id, tag_id, type, assigned_region) VALUES (1, 11, 7, 5);
INSERT INTO tbl_assets (asset_id, tag_id, type, assigned_region) VALUES (2, 12, 3, 10);
INSERT INTO tbl_assets (asset_id, tag_id, type, assigned_region) VALUES (3, 13, 5, 3);
INSERT INTO tbl_assets (asset_id, tag_id, type, assigned_region) VALUES (4, 14, 1, 3);
INSERT INTO tbl_assets (asset_id, tag_id, type, assigned_region) VALUES (5, 15, 3, 5);
INSERT INTO tbl_assets (asset_id, tag_id, type, assigned_region) VALUES (6, 16, 1, 3);
INSERT INTO tbl_assets (asset_id, tag_id, type, assigned_region) VALUES (7, 17, 1, 8);
INSERT INTO tbl_assets (asset_id, tag_id, type, assigned_region) VALUES (8, 18, 7, 8);
INSERT INTO tbl_assets (asset_id, tag_id, type, assigned_region) VALUES (9, 19, 5, 6);
INSERT INTO tbl_assets (asset_id, tag_id, type, assigned_region) VALUES (10, 20, 1, 2);
INSERT INTO tbl_assets (asset_id, tag_id, type, assigned_region) VALUES (11, 21, 5, 10);
INSERT INTO tbl_assets (asset_id, tag_id, type, assigned_region) VALUES (12, 22, 4, 8);
INSERT INTO tbl_assets (asset_id, tag_id, type, assigned_region) VALUES (13, 23, 6, 3);
INSERT INTO tbl_assets (asset_id, tag_id, type, assigned_region) VALUES (14, 24, 3, 5);
INSERT INTO tbl_assets (asset_id, tag_id, type, assigned_region) VALUES (15, 25, 2, 3);
INSERT INTO tbl_assets (asset_id, tag_id, type, assigned_region) VALUES (16, 26, 7, 1);
INSERT INTO tbl_assets (asset_id, tag_id, type, assigned_region) VALUES (17, 27, 1, 3);
INSERT INTO tbl_assets (asset_id, tag_id, type, assigned_region) VALUES (18, 28, 4, 1);
INSERT INTO tbl_assets (asset_id, tag_id, type, assigned_region) VALUES (19, 29, 7, 1);
INSERT INTO tbl_assets (asset_id, tag_id, type, assigned_region) VALUES (20, 30, 4, 2);
INSERT INTO tbl_assets (asset_id, tag_id, type, assigned_region) VALUES (21, 31, 5, 2);
INSERT INTO tbl_assets (asset_id, tag_id, type, assigned_region) VALUES (22, 32, 6, 1);
INSERT INTO tbl_assets (asset_id, tag_id, type, assigned_region) VALUES (23, 33, 3, 1);
INSERT INTO tbl_assets (asset_id, tag_id, type, assigned_region) VALUES (24, 34, 6, 1);
INSERT INTO tbl_assets (asset_id, tag_id, type, assigned_region) VALUES (25, 35, 4, 6);
INSERT INTO tbl_assets (asset_id, tag_id, type, assigned_region) VALUES (26, 36, 7, 3);
INSERT INTO tbl_assets (asset_id, tag_id, type, assigned_region) VALUES (27, 37, 1, 1);
INSERT INTO tbl_assets (asset_id, tag_id, type, assigned_region) VALUES (28, 38, 1, 10);
INSERT INTO tbl_assets (asset_id, tag_id, type, assigned_region) VALUES (29, 39, 2, 4);
INSERT INTO tbl_assets (asset_id, tag_id, type, assigned_region) VALUES (30, 40, 1, 10);
INSERT INTO tbl_assets (asset_id, tag_id, type, assigned_region) VALUES (31, 41, 6, 5);
INSERT INTO tbl_assets (asset_id, tag_id, type, assigned_region) VALUES (32, 42, 3, 6);
INSERT INTO tbl_assets (asset_id, tag_id, type, assigned_region) VALUES (33, 43, 4, 10);
INSERT INTO tbl_assets (asset_id, tag_id, type, assigned_region) VALUES (34, 44, 3, 4);
INSERT INTO tbl_assets (asset_id, tag_id, type, assigned_region) VALUES (35, 45, 7, 1);
INSERT INTO tbl_assets (asset_id, tag_id, type, assigned_region) VALUES (36, 46, 1, 3);
INSERT INTO tbl_assets (asset_id, tag_id, type, assigned_region) VALUES (37, 47, 7, 3);
INSERT INTO tbl_assets (asset_id, tag_id, type, assigned_region) VALUES (38, 48, 4, 2);
INSERT INTO tbl_assets (asset_id, tag_id, type, assigned_region) VALUES (39, 49, 1, 5);
INSERT INTO tbl_vehicles (vehicle_id, tag_id, type) VALUES (1, 50, 5);
INSERT INTO tbl_vehicles (vehicle_id, tag_id, type) VALUES (2, 51, 4);
INSERT INTO tbl_vehicles (vehicle_id, tag_id, type) VALUES (3, 52, 1);
INSERT INTO tbl_readers (rn_id, subregion_id, type, battery) VALUES (1, 1, 1, 66);
INSERT INTO tbl_readers (rn_id, subregion_id, type, battery) VALUES (2, 2, 1, 54);
INSERT INTO tbl_readers (rn_id, subregion_id, type, battery) VALUES (3, 3, 1, 63);
INSERT INTO tbl_readers (rn_id, subregion_id, type, battery) VALUES (4, 4, 1, 13);
INSERT INTO tbl_readers (rn_id, subregion_id, type, battery) VALUES (5, 5, 1, 11);
INSERT INTO tbl_readers (rn_id, subregion_id, type, battery) VALUES (6, 6, 1, 63);
INSERT INTO tbl_readers (rn_id, subregion_id, type, battery) VALUES (7, 7, 1, 26);
INSERT INTO tbl_readers (rn_id, subregion_id, type, battery) VALUES (8, 8, 1, 19);
INSERT INTO tbl_readers (rn_id, subregion_id, type, battery) VALUES (9, 9, 1, 94);
INSERT INTO tbl_readers (rn_id, subregion_id, type, battery) VALUES (10, 1, 2, 5);
INSERT INTO tbl_readers (rn_id, subregion_id, type, battery) VALUES (11, 2, 2, 93);
INSERT INTO tbl_readers (rn_id, subregion_id, type, battery) VALUES (12, 3, 2, 65);
